[
  {
    "title": "Medicine",
    "groupTitle": true
  },
  {
    "title": "Departments",
    "icon": {
      "class": "tc-icon-wrap icofont-first-aid"
    },
    "routing": "departments"
  },
  {
    "title": "Doctors",
    "icon": {
      "class": "icofont-doctor"
    },
    "routing": "doctors"
  },
  {
    "title": "Patients",
    "icon": {
      "class": "icofont-paralysis-disability"
    },
    "routing": "patients"
  },
    {
    "title": "Appointments",
    "icon": {
      "class": "icofont-stethoscope-alt"
    },
	"sub": [
    {
		"title": "Appointments",
		"routing": "appointments"
    },
    {
		"title": "Appointments History",
		"routing": "appointment-calendar"
    }
		]
  }
]
