[
  {
    "img": "/assets/content/user-40-1.jpg",
    "name": "Liam",
    "email": "liam@gmail.com",
    "number": "0126596578",
    "date": "18 Dec 2018",
    "fromTo": "10:15 - 10:30",
    "doctor": "Dr. Sophie",
    "injury": "allergy"
  },
  {
    "img": "/assets/content/user-40-2.jpg",
    "name": "Emma",
    "email": "emma@gmail.com",
    "number": "0126596452",
    "date": "5 Dec 2018",
    "fromTo": "9:00 - 9:30",
    "doctor": "Dr. Liam",
    "injury": "arthritis"
  },
  {
    "img": "/assets/content/user-40-3.jpg",
    "name": "Olivia",
    "email": "olivia@gmail.com",
    "number": "0126598853",
    "date": "13 Oct 2018",
    "fromTo": "12:00 - 12:45",
    "doctor": "Dr. Noah",
    "injury": "depression"
  },
  {
    "img": "/assets/content/user-40-4.jpg",
    "name": "Ava",
    "email": "ava@gmail.com",
    "number": "0126590443",
    "date": "26 Dec 2018",
    "fromTo": "14:15 - 14:30",
    "doctor": "Dr. Emma",
    "injury": "diarrhoea"
  },
  {
    "img": "/assets/content/user-40-5.jpg",
    "name": "Noah",
    "email": "noah@gmail.com",
    "number": "0126598525",
    "date": "15 Jun 2018",
    "fromTo": "17:30 - 18:00",
    "doctor": "Dr. James",
    "injury": "dyslexia"
  },
  {
    "img": "/assets/content/user-40-6.jpg",
    "name": "Isabella",
    "email": "isabella@gmail.com",
    "number": "0126599411",
    "date": "2 Jul 2018",
    "fromTo": "10:00 - 10:15",
    "doctor": "Dr. Noah",
    "injury": "flu"
  },
  {
    "img": "/assets/content/user-40-7.jpg",
    "name": "Sophia",
    "email": "sophia@gmail.com",
    "number": "0126596284",
    "date": "9 Oct 2018",
    "fromTo": "8:30 - 8:45",
    "doctor": "Dr. Olivia",
    "injury": "fracture"
  }
]
