[
  {
    "img": "/assets/content/user-40-1.jpg",
    "name": "Liam",
    "id": "10021",
    "age": "42",
    "address": "71 Pilgrim Avenue Chevy Chase, MD 20815",
    "number": "0126596578",
    "lastVisit": "18 Dec 2018",
    "status": "Approved",
    "gender": "Male"
  },
  {
    "img": "/assets/content/user-40-2.jpg",
    "name": "Emma",
    "id": "10022",
    "age": "21",
    "address": "46 Pilgrim Avenue Chevy Chase, MD 20816",
    "number": "0126596452",
    "lastVisit": "5 Dec 2018",
    "status": "Pending",
    "gender": "Female"
  },
  {
    "img": "/assets/content/user-40-3.jpg",
    "name": "Olivia",
    "id": "10023",
    "age": "43",
    "address": "17 Pilgrim Avenue Chevy Chase, MD 20843",
    "number": "0126598853",
    "lastVisit": "13 Oct 2018",
    "status": "Approved",
    "gender": "Female"
  },
  {
    "img": "/assets/content/user-40-4.jpg",
    "name": "Ava",
    "id": "10024",
    "age": "21",
    "address": "53 Pilgrim Avenue Chevy Chase, MD 20843",
    "number": "0126590443",
    "lastVisit": "26 Dec 2018",
    "status": "Approved",
    "gender": "Female"
  },
  {
    "img": "/assets/content/user-40-5.jpg",
    "name": "Noah",
    "id": "10025",
    "age": "22",
    "address": "44 Pilgrim Avenue Chevy Chase, MD 20815",
    "number": "0126598525",
    "lastVisit": "15 Jun 2018",
    "status": "Pending",
    "gender": "Male"
  },
  {
    "img": "/assets/content/user-40-6.jpg",
    "name": "Isabella",
    "id": "10026",
    "age": "35",
    "address": "75 Pilgrim Avenue Chevy Chase, MD 20815",
    "number": "0126599411",
    "lastVisit": "2 Jul 2018",
    "status": "Approved",
    "gender": "Female"
  },
  {
    "img": "/assets/content/user-40-7.jpg",
    "name": "Sophia",
    "id": "10027",
    "age": "54",
    "address": "40 Pilgrim Avenue Chevy Chase, MD 20854",
    "number": "0126596284",
    "lastVisit": "9 Oct 2018",
    "status": "Approved",
    "gender": "Female"
  },
  {
    "img": "/assets/content/user-40-8.jpg",
    "name": "Mia",
    "id": "10028",
    "age": "24",
    "address": "95 Pilgrim Avenue Chevy Chase, MD 20815",
    "number": "0126595200",
    "lastVisit": "17 Mar 2018",
    "status": "Approved",
    "gender": "Female"
  },
  {
    "img": "/assets/content/user-40-9.jpg",
    "name": "William",
    "id": "10029",
    "age": "31",
    "address": "61 Pilgrim Avenue Chevy Chase, MD 20817",
    "number": "0126590043",
    "lastVisit": "18 Apl 2018",
    "status": "Approved",
    "gender": "Male"
  },
  {
    "img": "/assets/content/user-40-10.jpg",
    "name": "James",
    "id": "10030",
    "age": "19",
    "address": "53 Pilgrim Avenue Chevy Chase, MD 20886",
    "number": "0126591123",
    "lastVisit": "6 Apl 2018",
    "status": "Approved",
    "gender": "Male"
  },
  {
    "img": "/assets/content/user-40-1.jpg",
    "name": "Logan",
    "id": "10031",
    "age": "32",
    "address": "44 Pilgrim Avenue Chevy Chase, MD 20815",
    "number": "0126590045",
    "lastVisit": "23 Apl 2018",
    "status": "Pending",
    "gender": "Male"
  },
  {
    "img": "/assets/content/user-40-2.jpg",
    "name": "Charlotte",
    "id": "10032",
    "age": "24",
    "address": "30 Pilgrim Avenue Chevy Chase, MD 20849",
    "number": "0126592295",
    "lastVisit": "4 Mar 2018",
    "status": "Approved",
    "gender": "Female"
  },
  {
    "img": "/assets/content/user-40-3.jpg",
    "name": "Amelia",
    "id": "10033",
    "age": "38",
    "address": "20 Pilgrim Avenue Chevy Chase, MD 20815",
    "number": "0126597743",
    "lastVisit": "10 Mar 2018",
    "status": "Approved",
    "gender": "Female"
  },
  {
    "img": "/assets/content/user-40-4.jpg",
    "name": "Evelyn",
    "id": "10034",
    "age": "26",
    "address": "66 Pilgrim Avenue Chevy Chase, MD 20807",
    "number": "0126591324",
    "lastVisit": "5 Apl 2018",
    "status": "Approved",
    "gender": "Female"
  },
  {
    "img": "/assets/content/user-40-5.jpg",
    "name": "Mason",
    "id": "10035",
    "age": "30",
    "address": "69 Pilgrim Avenue Chevy Chase, MD 20838",
    "number": "0126594352",
    "lastVisit": "17 Mar 2018",
    "status": "Approved",
    "gender": "Male"
  },
  {
    "img": "/assets/content/user-40-6.jpg",
    "name": "Emily",
    "id": "10036",
    "age": "20",
    "address": "20 Pilgrim Avenue Chevy Chase, MD 20875",
    "number": "0126593344",
    "lastVisit": "4 Feb 2018",
    "status": "Approved",
    "gender": "Female"
  },
  {
    "img": "/assets/content/user-40-7.jpg",
    "name": "Elizabeth",
    "id": "10037",
    "age": "45",
    "address": "55 Pilgrim Avenue Chevy Chase, MD 20899",
    "number": "0126595743",
    "lastVisit": "10 Feb 2018",
    "status": "Pending",
    "gender": "Female"
  }
]
