[
{"name": "Adult Intensivist"}, 
{"name": "Allergy"}, 
{"name": "Anesthesia"}, 
{"name": "Bariatric Medicine/Surgery"}, 
{"name": "Burn/Trauma"}, 
{"name": "Cardiac Catheterization"}, 
{"name": "Cardiology"}, 
{"name": "Cardiovascular Surgery"}, 
{"name": "Colorectal Surgery"}, 
{"name": "Dermatology"}, 
{"name": "Electrophysiology"}, 
{"name": "Emergency Medicine"}, 
{"name": "Endocrinology"}, 
{"name": "Family Practice"}, 
{"name": "Gastroenterology"}, 
{"name": "General Surgery"}, 
{"name": "Geriatrics"}, 
{"name": "Gynecologic Oncology"}, 
{"name": "Hematology/Oncology"}, 
{"name": "Hepatobiliary"}, 
{"name": "Hospitalist"}, 
{"name": "Infectious Disease"}, 
{"name": "Internal Medicine"}, 
{"name": "Interventional Radiology"}, 
{"name": "Medical Genetics"}, 
{"name": "Neonatology"}, 
{"name": "Nephrology"}, 
{"name": "Neuroradiology"}, 
{"name": "Neurology"}, 
{"name": "Neurosurgery"}, 
{"name": "Nuclear Medicine"}, 
{"name": "Obstetrics & Gynecology"}, 
{"name": "Occupational Medicine"}, 
{"name": "Ophthalmology"}, 
{"name": "Oral Surgery"}, 
{"name": "Orthopedics"}, 
{"name": "Otolaryngology / Head & Neck Surgery"}, 
{"name": "Pain Management"}, 
{"name": "Palliative Care"}, 
{"name": "Pain Management"}, 
{"name": "Palliative Care"}, 
{"name": "Pathology: Surgical & Anatomic"}, 
{"name": "Pediatric Intensivist"}, 
{"name": "Pediatrics"}, 
{"name": "Pediatric Surgery"}, 
{"name": "Physical Medicine"}, 
{"name": "Plastic & Reconstructive Surgery"}, 
{"name": "Podiatric Surgery"}, 
{"name": "Psychiatry"}, 
{"name": "Pulmonary Medicine"}, 
{"name": "Radiation Oncology"}, 
{"name": "Radiology"}, 
{"name": "Rheumatology"}, 
{"name": "Surgical Oncology"}, 
{"name": "Thoracic Surgery"}, 
{"name": "Transplant Surgery"}, 
{"name": "Urology"}, 
{"name": "Vascular Surgery"}, 
{"name": "Wound Care"}, 
{"name": "Bariatric Surgery"}, 
{"name": "ENT"}, 
{"name": "General Surgery"}, 
{"name": "Gastroenterology"}, 
{"name": "Neurosurgery"}, 
{"name": "Obstetrics & Gynecology"}, 
{"name": "Ophthalmology"}, 
{"name": "Oral/Dental Surgery"}, 
{"name": "Orthopedic Surgery"}, 
{"name": "Pain Management"}, 
{"name": "Pediatric Surgery"}, 
{"name": "Plastic Surgery"}, 
{"name": "Podiatric Surgery"}, 
{"name": "Urology"}, 
{"name": "Vascular Surgery"}, 
{"name": "Ambulatory Clinics"}, 
{"name": "Cardiac Catheterization Labs"}, 
{"name": "Diagnostic Radiology"}, 
{"name": "Emergency Department"}, 
{"name": "GI Endoscopy Labs"}, 
{"name": "Inpatient Acute Care"}, 
{"name": "Interventional Cardiology"}, 
{"name": "Interventional Radiology"}, 
{"name": "Same Day Surgery"}, 
{"name": "Small Specialty Hospitals"}, 
{"name": "Surgical Pathology"}, 
{"name": "Ambulance Coding"}, 
{"name": "HCC Audits"} 
]