[
	{
    "name": "Airi Satou",
		"position": "Accountant",
		"office": "Tokyo",
		"age": "33",
    "start-date": "2018/11/28",
    "salary": "$162,700"
	},
  {
    "name": "Angelica Ramos",
    "position": "Chief Executive Officer (CEO)",
    "office": "London",
    "age": "47",
    "start-date": "2017/10/09",
    "salary": "$1,200,000"
  },
  {
    "name": "Ashton Cox",
    "position": "Junior Technical Author",
    "office": "San Francisco",
    "age": "66",
    "start-date": "2015/01/12",
    "salary": "$86,000"
  },
  {
    "name": "Bradley Greer",
    "position": "Software Engineer",
    "office": "London",
    "age": "41",
    "start-date": "2012/10/13",
    "salary": "$132,000"
  },
  {
    "name": "Brenden Wagner",
    "position": "Software Engineer",
    "office": "San Francisco",
    "age": "28",
    "start-date": "2011/06/07",
    "salary": "$206,850"
  },
  {
    "name": "Brielle Williamson",
    "position": "Integration Specialist",
    "office": "New York",
    "age": "61",
    "start-date": "2014/12/02",
    "salary": "$372,000"
  },
  {
    "name": "Bruno Nash",
    "position": "Software Engineer",
    "office": "London",
    "age": "38",
    "start-date": "2011/05/03",
    "salary": "$163,500"
  },
  {
    "name": "Caesar Vance",
    "position": "Pre-Sales Support",
    "office": "New York",
    "age": "21",
    "start-date": "2018/12/12",
    "salary": "$106,450"
  },
  {
    "name": "Cara Stevens",
    "position": "Sales Assistant",
    "office": "New York",
    "age": "46",
    "start-date": "2016/12/06",
    "salary": "$145,600"
  },
  {
    "name": "Cedric Kelly",
    "position": "Senior Javascript Developer",
    "office": "Edinburgh",
    "age": "22",
    "start-date": "2014/03/29",
    "salary": "$433,060"
  },
  {
    "name": "Charde Marshall",
    "position": "Regional Director",
    "office": "San Francisco",
    "age": "36",
    "start-date": "2014/10/16",
    "salary": "$470,600"
  },
  {
    "name": "Colleen Hurst",
    "position": "Javascript Developer",
    "office": "San Francisco",
    "age": "39",
    "start-date": "2017/09/15",
    "salary": "$205,500"
  },
  {
    "name": "Dai Rios",
    "position": "Personnel Lead",
    "office": "Edinburgh",
    "age": "35",
    "start-date": "2015/09/26",
    "salary": "$217,500"
  },
  {
    "name": "Donna Snider",
    "position": "Customer Support",
    "office": "New York",
    "age": "27",
    "start-date": "2014/01/25",
    "salary": "$112,000"
  },
  {
    "name": "Doris Wilder",
    "position": "Sales Assistant",
    "office": "Sidney",
    "age": "23",
    "start-date": "2014/09/20",
    "salary": "$85,600"
  },
  {
    "name": "Finn Camacho",
    "position": "Support Engineer",
    "office": "San Francisco",
    "age": "47",
    "start-date": "2015/07/07",
    "salary": "$87,500"
  },
  {
    "name": "Fiona Green",
    "position": "Chief Operating Officer (COO)",
    "office": "San Francisco",
    "age": "48",
    "start-date": "2010/03/11",
    "salary": "$850,000"
  },
  {
    "name": "Garrett Winters",
    "position": "Accountant",
    "office": "Tokyo",
    "age": "63",
    "start-date": "2013/07/25",
    "salary": "$170,750"
  },
  {
    "name": "Gavin Cortez",
    "position": "Team Leader",
    "office": "San Francisco",
    "age": "22",
    "start-date": "2017/10/26",
    "salary": "$235,500"
  },
  {
    "name": "Gavin Joyce",
    "position": "Developer",
    "office": "Edinburgh",
    "age": "42",
    "start-date": "2016/12/22",
    "salary": "$92,575"
  },
  {
    "name": "Gloria Little",
    "position": "Systems Administrator",
    "office": "New York",
    "age": "59",
    "start-date": "2015/04/10",
    "salary": "$237,500"
  },
  {
    "name": "Haley Kennedy",
    "position": "Senior Marketing Designer",
    "office": "London",
    "age": "43",
    "start-date": "2018/12/18",
    "salary": "$313,500"
  },
  {
    "name": "Hermione Butler",
    "position": "Regional Director",
    "office": "London",
    "age": "47",
    "start-date": "2016/03/21",
    "salary": "$356,250"
  },
  {
    "name": "Herrod Chandler",
    "position": "Sales Assistant",
    "office": "San Francisco",
    "age": "59",
    "start-date": "2012/08/06",
    "salary": "$137,500"
  },
  {
    "name": "Hope Fuentes",
    "position": "Secretary",
    "office": "San Francisco",
    "age": "41",
    "start-date": "2016/02/12",
    "salary": "$109,850"
  }
]
