{
  "mainInfo": {
    "img": "/assets/content/user-400-1.jpg",
    "firstName": "Liam",
    "lastName": "Jouns",
    "position": "UI/UX Designer",
    "address": "71 Pilgrim Avenue Chevy Chase, MD 20815",
    "number": "0126596578",
    "slack": "liam0jouns",
    "slack": "@liam.jouns"
  },
  "education": [
    {
      "sectionData": [
        {
          "date": "2008 - 2009",
          "content": "<strong>Special schools</strong> - Edison Schools",
          "iconBg": "#ed5564"
        },
        {
          "date": "2007 - 2008",
          "content": "<strong>Technical schools</strong> - Jules E. Mastbaum Technical High School",
          "iconBg": "#64B5F6"
        },
        {
          "date": "2005 - 2007",
          "content": "<strong>High schools</strong> - Benjamin Franklin High School",
          "iconBg": "#ED6C9C"
        },
        {
          "date": "1996 - 2004",
          "content": "<strong>Middle schools</strong> - Bethune, Mary Mcleod School",
          "iconBg": ""
        }
      ]
    }
  ],
  "experience": [
    {
      "sectionData": [
        {
          "date": "2017 - 2018",
          "content": "<strong>UI/UX Designer</strong> - IronSketch",
          "iconBg": "#b7ce63"
        },
        {
          "date": "2015 - 2017",
          "content": "<strong>Art & Multimedia From</strong> - Oxford University",
          "iconBg": "#e9e165"
        },
        {
          "date": "2013 - 2015",
          "content": "<strong>Web Designer</strong> - WebDev Company",
          "iconBg": "#64B5F6"
        },
        {
          "date": "2009 - 2013",
          "content": "<strong>UI/UX Designer</strong> - Design ArtData",
          "iconBg": "#ed5564"
        }
      ]
    }
  ],
  "skills": ["html", "php", "css", "scss", "js", "Angular", "React", "Vue.js", "Javascript", "Typescript"]
}
